{"cameraMode":{"drawMode":0,"name":"Shaded","section":"Shading Mode"},"sceneLighting":false,"audioPlay":false,"sceneViewState":{"showFog":true,"showMaterialUpdate":false,"showSkybox":true,"showFlares":true,"showImageEffects":true,"showParticleSystems":true},"in2DMode":false,"pivot":{"x":-5.110494613647461,"y":-2.3184962272644045,"z":0.0},"rotation":{"x":-0.09316886216402054,"y":0.8868201971054077,"z":-0.20466087758541108,"w":-0.40371185541152956},"size":23.334524154663087,"orthographic":false}