{"cameraMode":{"drawMode":0,"name":"Shaded","section":"Shading Mode"},"sceneLighting":false,"audioPlay":false,"sceneViewState":{"showFog":true,"showMaterialUpdate":false,"showSkybox":false,"showFlares":true,"showImageEffects":true,"showParticleSystems":true},"in2DMode":false,"pivot":{"x":-0.21453261375427247,"y":0.6970931887626648,"z":0.32908809185028078},"rotation":{"x":0.03516407310962677,"y":0.8346335291862488,"z":0.053649336099624637,"w":-0.547062337398529},"size":2.8578836917877199,"orthographic":false}